{"loss":0.16108415894288838,"_wandb":{"runtime":3507},"lr":0.0006132483837128823,"_timestamp":1.7328499780306616e+09,"_runtime":3507.206499353,"_step":999}