{"loss":0.14843590292175798,"lr":0.0008849351647809526,"_timestamp":1.7328411460124066e+09,"_runtime":4328.691278308,"_step":612,"_wandb":{"runtime":4328}}