{"_runtime":3490.511549257,"_wandb":{"runtime":3490},"_step":999,"loss":0.16133080775787986,"lr":0.0006132483837128823,"_timestamp":1.7328453441045976e+09}